backend,mode,triage_accuracy,triaged_cases,triaged_case_fraction,urgent_recall,urgency_miss_rate,urgent_deferral_rate,retake_rate,mean_latency,mean_token_usage
gpt5_nano,baseline,0.3723756906077348,4525,0.9997790543526293,0.6903765690376569,0.30962343096234307,0.05439330543933055,0.07229166666666667,2.0375048680625576,349.7427083333333
gpt5_nano,quality_gated,0.3681767955801105,4525,0.9997790543526293,0.6924686192468619,0.3075313807531381,0.05439330543933055,0.07229166666666667,2.0375048680625576,349.7427083333333
