backend,mode,triage_accuracy,triaged_cases,triaged_case_fraction,urgent_recall,urgency_miss_rate,urgent_deferral_rate,retake_rate,mean_latency,mean_token_usage
gpt5_nano,baseline,0.4011252344238383,4799,0.9997916666666666,0.7317073170731707,0.2682926829268293,0.0,0.0,2.0375048680625576,349.7427083333333
gpt5_nano,quality_gated,0.3923734111273182,4799,0.9997916666666666,0.7585365853658537,0.24146341463414633,0.17804878048780487,0.18916666666666668,2.0375048680625576,349.7427083333333
