group_type,group_value,cases_total,cases_known_truth,cases_urgent,baseline_triage_accuracy,baseline_triaged_cases,baseline_triaged_case_fraction,baseline_urgent_recall,baseline_urgency_miss_rate,baseline_urgent_deferral_rate,baseline_retake_rate,baseline_mean_latency,baseline_mean_token_usage,quality_gated_triage_accuracy,quality_gated_triaged_cases,quality_gated_triaged_case_fraction,quality_gated_urgent_recall,quality_gated_urgency_miss_rate,quality_gated_urgent_deferral_rate,quality_gated_retake_rate,quality_gated_mean_latency,quality_gated_mean_token_usage,cases_combo
fail_combo,all_failures,105,105,26,0.3333333333333333,105,1.0,0.7307692307692307,0.2692307692307692,0.0,0.0,8.9789903228562,1516.0761904761905,0.3238095238095238,105,1.0,0.7692307692307693,0.23076923076923078,1.0,1.0,8.9789903228562,1516.0761904761905,
fail_combo,motion_blur,42,42,9,0.2857142857142857,42,1.0,0.7777777777777778,0.2222222222222222,0.0,0.0,8.668149645235168,1475.4761904761904,0.35714285714285715,42,1.0,0.7777777777777778,0.2222222222222222,1.0,1.0,8.668149645235168,1475.4761904761904,42.0
fail_combo,blur,19,19,8,0.3684210526315789,19,1.0,0.75,0.25,0.0,0.0,8.735194721052386,1460.421052631579,0.3157894736842105,19,1.0,0.75,0.25,1.0,1.0,8.735194721052386,1460.421052631579,19.0
fail_combo,low_resolution,17,17,6,0.4117647058823529,17,1.0,0.6666666666666666,0.3333333333333333,0.0,0.0,10.198391300001223,1662.0,0.47058823529411764,17,1.0,0.8333333333333334,0.16666666666666666,1.0,1.0,10.198391300001223,1662.0,17.0
fail_combo,low_resolution+motion_blur,10,10,1,0.2,10,1.0,1.0,0.0,0.0,0.0,8.635070320000523,1411.8,0.1,10,1.0,1.0,0.0,1.0,1.0,8.635070320000523,1411.8,10.0
fail_combo,blur+low_resolution,10,10,1,0.4,10,1.0,1.0,0.0,0.0,0.0,8.405603370003519,1494.9,0.2,10,1.0,1.0,0.0,1.0,1.0,8.405603370003519,1494.9,10.0
fail_combo,blur+motion_blur,6,6,1,0.3333333333333333,6,1.0,0.0,1.0,0.0,0.0,10.519789283333617,1859.1666666666667,0.16666666666666666,6,1.0,0.0,1.0,1.0,1.0,10.519789283333617,1859.1666666666667,6.0
