group_type,group_value,skin_tone_label,cases_total,cases_known_truth,cases_urgent,baseline_triage_accuracy,baseline_triaged_cases,baseline_triaged_case_fraction,baseline_urgent_recall,baseline_urgency_miss_rate,baseline_urgent_deferral_rate,baseline_retake_rate,baseline_mean_latency,baseline_mean_token_usage,quality_gated_triage_accuracy,quality_gated_triaged_cases,quality_gated_triaged_case_fraction,quality_gated_urgent_recall,quality_gated_urgency_miss_rate,quality_gated_urgent_deferral_rate,quality_gated_retake_rate,quality_gated_mean_latency,quality_gated_mean_token_usage
skin_tone,all,All tones,721,721,203,0.37309292649098474,721,1.0,0.7389162561576355,0.26108374384236455,0.0,0.0,5.112547392372091,861.2787794729543,0.37170596393897365,721,1.0,0.7438423645320197,0.2561576354679803,0.12807881773399016,0.14563106796116504,5.112547392372091,861.2787794729543
skin_tone,0,Type I (pale ivory),364,364,105,0.35714285714285715,364,1.0,0.780952380952381,0.21904761904761905,0.0,0.0,5.021233490659682,850.2005494505495,0.3516483516483517,364,1.0,0.7714285714285715,0.22857142857142856,0.0761904761904762,0.11813186813186813,5.021233490659682,850.2005494505495
skin_tone,1,Type II (fair beige),75,75,16,0.3333333333333333,75,1.0,0.8125,0.1875,0.0,0.0,5.828688618668044,957.3733333333333,0.3333333333333333,75,1.0,0.75,0.25,0.4375,0.21333333333333335,5.828688618668044,957.3733333333333
skin_tone,2,Type III (light brown),35,35,12,0.4,35,1.0,0.75,0.25,0.0,0.0,5.6981818771422175,894.3428571428572,0.4,35,1.0,0.75,0.25,0.08333333333333333,0.14285714285714285,5.6981818771422175,894.3428571428572
skin_tone,3,Type IV (medium brown),31,31,10,0.25806451612903225,31,1.0,0.5,0.5,0.0,0.0,4.604402474194367,794.1612903225806,0.22580645161290322,31,1.0,0.5,0.5,0.1,0.1935483870967742,4.604402474194367,794.1612903225806
skin_tone,4,Type V (dark brown),67,67,20,0.47761194029850745,67,1.0,0.6,0.4,0.0,0.0,5.1315569208940115,861.4776119402985,0.47761194029850745,67,1.0,0.65,0.35,0.15,0.13432835820895522,5.1315569208940115,861.4776119402985
skin_tone,5,Type VI (deeply pigmented),149,149,40,0.40268456375838924,149,1.0,0.725,0.275,0.0,0.0,4.9347575624171025,846.0805369127517,0.4161073825503356,149,1.0,0.775,0.225,0.15,0.174496644295302,4.9347575624171025,846.0805369127517
